{"cameraMode":{"drawMode":0,"name":"Shaded","section":"Shading Mode"},"sceneLighting":false,"audioPlay":false,"sceneViewState":{"showFog":true,"showMaterialUpdate":false,"showSkybox":false,"showFlares":true,"showImageEffects":true,"showParticleSystems":true},"in2DMode":false,"pivot":{"x":13.199938774108887,"y":1.3999983072280884,"z":36.90000534057617},"rotation":{"x":0.33274561166763308,"y":-0.5159483551979065,"z":0.22706390917301179,"w":0.7560444474220276},"size":9.61636734008789,"orthographic":true}