{"cameraMode":{"drawMode":0,"name":"Shaded","section":"Shading Mode"},"sceneLighting":false,"audioPlay":false,"sceneViewState":{"showFog":true,"showMaterialUpdate":false,"showSkybox":false,"showFlares":true,"showImageEffects":true,"showParticleSystems":true},"in2DMode":false,"pivot":{"x":618.6751708984375,"y":329.9375,"z":646.66455078125},"rotation":{"x":0.1786727011203766,"y":-0.14005061984062196,"z":0.025768456980586053,"w":0.9736209511756897},"size":1.0792251825332642,"orthographic":true}