{"cameraMode":{"drawMode":0,"name":"Shaded","section":"Shading Mode"},"sceneLighting":true,"audioPlay":false,"sceneViewState":{"showFog":true,"showMaterialUpdate":false,"showSkybox":true,"showFlares":true,"showImageEffects":true,"showParticleSystems":true},"in2DMode":false,"pivot":{"x":321.1883239746094,"y":333.3208312988281,"z":160.79220581054688},"rotation":{"x":0.19081047177314759,"y":0.7259085178375244,"z":-0.2226637452840805,"w":0.622223436832428},"size":124.98426055908203,"orthographic":true}